时间,容量
2019-11-13:00,361019140.02590287
2019-11-13:02,362035692.5786528
2019-11-13:04,362682236.2810972
2019-11-13:06,363400493.5246666
2019-11-13:08,364216154.86929166
2019-11-13:10,364429771.85487497
2019-11-13:12,364767152.0390833
2019-11-13:14,364810313.58195823
2019-11-13:16,364840980.13109726
2019-11-13:18,364860983.55111104
2019-11-13:20,364880784.10340285
2019-11-13:22,364960478.8194977
2019-11-14:00,365503015.58229154
2019-11-14:02,366685015.2998889
2019-11-14:04,367282107.3274166
2019-11-14:06,367872011.0976113
2019-11-14:08,368488202.0748749
2019-11-14:10,368802839.5747361
2019-11-14:12,369142241.9085971
2019-11-14:14,369185055.6765416
2019-11-14:16,369215230.87701386
2019-11-14:18,369234911.8572638
2019-11-14:20,369254289.29888904
2019-11-14:22,369330428.67421967
2019-11-15:00,369964816.421499
2019-11-15:02,370990167.07423615
2019-11-15:04,371357173.95546585
2019-11-15:06,622187214.788611
2019-11-15:08,622517319.8033332
2019-11-15:10,622717738.3586111
2019-11-15:12,622894111.0355557
2019-11-15:14,623063490.7775
2019-11-15:16,623214381.7647221
2019-11-15:18,623348908.4444443
2019-11-15:20,623481759.1525
2019-11-15:22,623623587.7661111
2019-11-16:00,623777677.3344443
2019-11-16:02,623939924.3852777
2019-11-16:04,624093485.9927777
2019-11-16:06,624246460.7947223
2019-11-16:08,624392715.4716666
2019-11-16:10,624544511.8525001
2019-11-16:12,624701184.0013888
2019-11-16:14,624853326.2547222
2019-11-16:16,624994640.3191668
2019-11-16:18,625123363.7630557
2019-11-16:20,625250543.2727777
2019-11-16:22,625384214.7825
2019-11-17:00,625527329.4372222
2019-11-17:02,625684310.6147224
2019-11-17:04,625832040.6730554
2019-11-17:06,625985329.1047221
2019-11-17:08,626135812.0638888
2019-11-17:10,626288673.7986113
2019-11-17:12,626440319.9652778
2019-11-17:14,626587831.4455553
2019-11-17:16,626729557.616111
2019-11-17:18,626859251.5788889
2019-11-17:20,626988703.2016666
2019-11-17:22,627125863.4883332
2019-11-18:00,627348404.3091668
2019-11-18:02,628011989.2227777
2019-11-18:04,628434812.7805555
2019-11-18:06,628938614.635
2019-11-18:08,629222822.856111
2019-11-18:10,629380040.3363888
2019-11-18:12,629520698.7902777
2019-11-18:14,629652813.8336111
2019-11-18:16,629758055.9411111
2019-11-18:18,629842076.7208332
2019-11-18:20,629922302.4488889
2019-11-18:22,630014615.0897223
2019-11-19:00,630195517.9163772
2019-11-19:02,630831784.7736112
2019-11-19:04,631263637.113889
2019-11-19:06,631790105.5441668
2019-11-19:08,632081961.1627778
2019-11-19:10,632244678.9183332
2019-11-19:12,632408201.9141668
2019-11-19:14,632566505.2477777
2019-11-19:16,632689719.4694445
2019-11-19:18,632788861.2888888
2019-11-19:20,632888394.1277777
2019-11-19:22,633000399.085
2019-11-20:00,633202891.7402776
2019-11-20:02,633886630.955
2019-11-20:04,634368583.6438887
2019-11-20:06,634939330.9805554
2019-11-20:08,635261542.5886111
2019-11-20:10,635440522.3041668
2019-11-20:12,635600791.355
2019-11-20:14,635751357.4180554
2019-11-20:16,635874176.4283334
2019-11-20:18,635975433.8588889
2019-11-20:20,636073231.7441666
2019-11-20:22,636187031.573611
2019-11-21:00,636387869.5444443
2019-11-21:02,637027278.1838889
2019-11-21:04,637459592.9958332
2019-11-21:06,637978195.6019443
2019-11-21:08,638268124.3605556
2019-11-21:10,638421832.7602779
2019-11-21:12,638565878.0130557
2019-11-21:14,638700880.3172221
2019-11-21:16,638810385.3094443
2019-11-21:18,638896761.0955554
2019-11-21:20,638978608.225
2019-11-21:22,639075290.0027777
2019-11-22:00,639261619.0341668
2019-11-22:02,639930443.5266666
2019-11-22:04,640419352.0113889
2019-11-22:06,640989984.885
2019-11-22:08,641312810.7730557
2019-11-22:10,641508466.2205554
2019-11-22:12,641686352.9527777
2019-11-22:14,641858337.8141668
2019-11-22:16,642013026.7816666
2019-11-22:18,642145543.085
2019-11-22:20,642275704.6547222
2019-11-22:22,642416325.4592754
2019-11-23:00,642569554.0213889
2019-11-23:02,642734384.1922224
2019-11-23:04,642888261.6283332
2019-11-23:06,643037545.1763889
2019-11-23:08,643187166.3197223
2019-11-23:10,643338921.2558334
2019-11-23:12,643488546.6677778
2019-11-23:14,643629104.7725
2019-11-23:16,643767247.6613889
2019-11-23:18,643898170.9986112
2019-11-23:20,644024010.5661112
2019-11-23:22,644155495.3091668
2019-11-24:00,644296800.3174999
2019-11-24:02,644444368.7883332
2019-11-24:04,644591359.9622222
2019-11-24:06,644743102.4638889
2019-11-24:08,644894612.9138888
2019-11-24:10,645044192.9077778
2019-11-24:12,645202182.2980556
2019-11-24:14,645353535.6944443
2019-11-24:16,645490242.2733332
2019-11-24:18,645618652.9683334
2019-11-24:20,645749061.528889
2019-11-24:22,645886194.1686113
2019-11-25:00,646109349.6133332
2019-11-25:02,646804493.8722223
2019-11-25:04,647290212.7594445
2019-11-25:06,647828875.5550001
2019-11-25:08,648111649.2869444
2019-11-25:10,648263056.0905554
2019-11-25:12,648398075.7572223
2019-11-25:14,648527260.6305555
2019-11-25:16,648631303.4608334
2019-11-25:18,648710484.1766669
2019-11-25:20,648790756.8627777
2019-11-25:22,648881496.8019445
2019-11-26:00,649067660.1094444
2019-11-26:02,649708702.9302777
2019-11-26:04,650123124.7613888
2019-11-26:06,650640886.5944445
2019-11-26:08,650927277.4544443
2019-11-26:10,651100961.1050001
2019-11-26:12,651257648.8391668
2019-11-26:14,651402233.1347224
2019-11-26:16,651522323.9744444
2019-11-26:18,651620162.8344443
2019-11-26:20,651714087.2475001
2019-11-26:22,651821232.3166668
2019-11-27:00,652018106.0855557
2019-11-27:02,652659094.2041668
2019-11-27:04,653101441.8236111
2019-11-27:06,653630998.576389
2019-11-27:08,653918538.7347221
2019-11-27:10,654085003.0905554
2019-11-27:12,654243441.1797223
2019-11-27:14,654392987.3916668
2019-11-27:16,654517227.0597223
2019-11-27:18,654619870.0799999
2019-11-27:20,654712717.7430557
2019-11-27:22,654823626.0419445
2019-11-28:00,655012793.7574736
2019-11-28:02,655643530.7638887
2019-11-28:04,656076742.1688888
2019-11-28:06,656591018.515
2019-11-28:08,656856560.3430555
2019-11-28:10,657000989.6541668
2019-11-28:12,657139232.8172224
2019-11-28:14,657265088.8016665
2019-11-28:16,657367696.6838889
2019-11-28:18,657450449.6597222
2019-11-28:20,657531436.1672223
2019-11-28:22,657620811.5319444
2019-11-29:00,657783771.008889
2019-11-29:02,658391324.1597222
2019-11-29:04,658846956.103611
2019-11-29:06,659394329.14
2019-11-29:08,659712007.7616668
2019-11-29:10,659910021.605
2019-11-29:12,660095947.1030557
2019-11-29:14,660262891.8919443
2019-11-29:16,660416888.9927777
2019-11-29:18,660550413.843889
2019-11-29:20,660662582.5222223
2019-11-29:22,660789542.5936111
2019-11-30:00,660937312.8459731
2019-11-30:02,661108721.2983334
2019-11-30:04,661271674.3783332
2019-11-30:06,661413574.7155554
2019-11-30:08,661558498.2713888
2019-11-30:10,661704229.5547223
2019-11-30:12,661858315.4375
2019-11-30:14,662006010.0491668
2019-11-30:16,662142054.4305555
2019-11-30:18,662274032.2622223
2019-11-30:20,662405683.2133334
2019-11-30:22,662541107.768889
2019-12-01:00,662680521.8652778
2019-12-01:02,662823904.7258332
2019-12-01:04,662976340.1405556
2019-12-01:06,663134948.5608332
2019-12-01:08,663285703.1027777
2019-12-01:10,663437139.1800001
2019-12-01:12,663590305.3333333
2019-12-01:14,663744041.0438888
2019-12-01:16,663883114.9027778
2019-12-01:18,664015669.4844444
2019-12-01:20,664142550.1294444
2019-12-01:22,664275519.4229481
2019-12-02:00,664497112.418611
2019-12-02:02,665169975.0297222
2019-12-02:04,665643327.281389
2019-12-02:06,666196179.2561111
2019-12-02:08,666503195.0119445
2019-12-02:10,666640873.7566668
2019-12-02:12,666766106.3133332
2019-12-02:14,666887814.9536111
2019-12-02:16,666990991.4286113
2019-12-02:18,667073463.1338887
2019-12-02:20,667154706.4994444
2019-12-02:22,667248986.6030555
2019-12-03:00,667425374.5766668
2019-12-03:02,668020277.48
2019-12-03:04,668432673.1199999
2019-12-03:06,668952089.5366666
2019-12-03:08,669239474.8105557
2019-12-03:10,669394894.7366668
2019-12-03:12,669537560.0619444
2019-12-03:14,669684584.7141666
2019-12-03:16,669808396.2277777
2019-12-03:18,669909763.8611113
2019-12-03:20,670008631.6480557
2019-12-03:22,670118739.0633332
2019-12-04:00,670310615.1022223
2019-12-04:02,670971848.3027779
2019-12-04:04,671450219.5722221
2019-12-04:06,672008505.5622222
2019-12-04:08,672325457.01
2019-12-04:10,672488214.863889
2019-12-04:12,672643928.8711113
2019-12-04:14,672798971.5236112
2019-12-04:16,672927808.7213888
2019-12-04:18,673034763.6861111
2019-12-04:20,673139825.793611
2019-12-04:22,673255987.2577777
2019-12-05:00,673458183.875
2019-12-05:02,674132988.6572223
2019-12-05:04,421876367.964881
2019-12-05:06,263696116.7869597
2019-12-05:08,263982275.16297168
2019-12-05:10,264287907.35433704
2019-12-05:12,264735181.95825475
2019-12-05:14,264789499.07311323
2019-12-05:16,264828187.82092515
2019-12-05:18,264853423.13721183
2019-12-05:20,264878366.6012447
2019-12-05:22,264968267.20805082
2019-12-06:00,265518249.0894916
2019-12-06:02,266611076.78477463
2019-12-06:04,267115206.92272
2019-12-06:06,267932763.5925052
2019-12-06:08,268360306.25592235
2019-12-06:10,268568319.7261791
2019-12-06:12,268622233.91746587
2019-12-06:14,268698394.2499607
2019-12-06:16,268733415.6142034
2019-12-06:18,268755815.47351944
2019-12-06:20,268777638.51214623
2019-12-06:22,268800559.17045844
2019-12-07:00,268886140.91168773
2019-12-07:02,269731949.6055293
2019-12-07:04,270161765.33656967
2019-12-07:06,270330135.55064195
2019-12-07:08,270369843.071305
2019-12-07:10,270394935.5840016
2019-12-07:12,270420075.5253799
2019-12-07:14,270444709.0373297
2019-12-07:16,270467571.8614124
2019-12-07:18,270488790.59597737
2019-12-07:20,270509366.02950734
2019-12-07:22,270530826.3848642
2019-12-08:00,270659519.0572458
2019-12-08:02,271324658.03857446
2019-12-08:04,271424672.255346
2019-12-08:06,271481555.82886535
2019-12-08:08,271883828.78480095
2019-12-08:10,272234852.33375275
2019-12-08:12,272394553.4571803
2019-12-08:14,272420474.47881293
2019-12-08:16,272443800.6678851
2019-12-08:18,272465038.4540357
2019-12-08:20,272485942.17726666
2019-12-08:22,272573252.18450814
2019-12-09:00,273003608.6373297
2019-12-09:02,273872857.4085167
2019-12-09:04,274825016.1276468
2019-12-09:06,275591254.6396227
2019-12-09:08,276459026.4697457
2019-12-09:10,276701161.42213035
2019-12-09:12,277204346.91797686
2019-12-09:14,277255618.9442348
2019-12-09:16,277291889.1488207
2019-12-09:18,277314551.5456498
2019-12-09:20,277336730.58262587
2019-12-09:22,277417648.5977834
2019-12-10:00,277926757.43844336
2019-12-10:02,279182402.4434749
2019-12-10:04,279656182.7914833
2019-12-10:06,280376469.9106524
2019-12-10:08,281076011.3474711
2019-12-10:10,281260960.6648191
2019-12-10:12,281774386.0330714
2019-12-10:14,281827213.97697854
2019-12-10:16,281864873.3273584
2019-12-10:18,281888305.1704141
2019-12-10:20,281911239.2944576
2019-12-10:22,281998964.70025754
2019-12-11:00,282575559.23892826
2019-12-11:02,283952910.65956503
2019-12-11:04,284480930.301271
2019-12-11:06,285415569.98633385
2019-12-11:08,286339682.3096174
2019-12-11:10,286530085.384316
2019-12-11:12,286971105.66373163
2019-12-11:14,287023521.30710167
2019-12-11:16,287061289.04194194
2019-12-11:18,287084329.93590134
2019-12-11:20,287106369.39553195
2019-12-11:22,287186386.61975974
2019-12-12:00,287770350.68232435
2019-12-12:02,288923227.607652
2019-12-12:04,289987239.52392566
2019-12-12:06,291138343.4552017
2019-12-12:08,291512732.12496066
2019-12-12:10,291580364.8600892
2019-12-12:12,291676583.12882614
2019-12-12:14,291720700.0446409
2019-12-12:16,291759990.78919023
2019-12-12:18,291781309.38448656
2019-12-12:20,291802045.91421634
2019-12-12:22,291889346.55678964
2019-12-13:00,292777726.93426365
2019-12-13:02,293671139.14481115
2019-12-13:04,294942676.91605085
2019-12-13:06,296259472.5671121
2019-12-13:08,297019956.10300046
2019-12-13:10,297163383.03848267
2019-12-13:12,297192296.63279617
2019-12-13:14,192067743.64732623
2019-12-13:16,42944210.75607968
2019-12-13:18,42967218.69838836
2019-12-13:20,42989577.15970911
2019-12-13:22,43075929.10300312
2019-12-14:00,43210753.79776963
2019-12-14:02,43594411.29575471
2019-12-14:04,43772085.307665095
2019-12-14:06,43827026.92349318
2019-12-14:08,43957887.03670073
2019-12-14:10,44116693.64297693
2019-12-14:12,44183183.73624215
2019-12-14:14,44209249.75017033
2019-12-14:16,44232876.08113209
2019-12-14:18,44254769.74646226
2019-12-14:20,44275515.464399904
2019-12-14:22,44295966.93047577
2019-12-15:00,44395172.62671645
2019-12-15:02,44503321.386582814
2019-12-15:04,44883753.55847746
2019-12-15:06,45061284.90124477
2019-12-15:08,45115091.91804246
2019-12-15:10,45354922.10786165
2019-12-15:12,45578929.08715933
2019-12-15:14,45605400.10786164
2019-12-15:16,45629553.29477201
2019-12-15:18,45651312.81557914
2019-12-15:20,45672803.54076258
2019-12-15:22,45726666.12554013
2019-12-16:00,45972666.29918762
2019-12-16:02,46428826.69969864
2019-12-16:04,46687110.77433177
2019-12-16:06,46974091.11736111
2019-12-16:08,47266756.79557128
2019-12-16:10,47519461.62041405
2019-12-16:12,47574593.60061584
2019-12-16:14,47618313.67338836
2019-12-16:16,47651360.70986634
2019-12-16:18,47674626.51960167
2019-12-16:20,47697104.99681603
2019-12-16:22,47848873.86935214
2019-12-17:00,48155399.30714099
2019-12-17:02,48573394.95117925
2019-12-17:04,48807141.65075997
2019-12-17:06,49032363.17338836
2019-12-17:08,49122930.38153826
2019-12-17:10,49178485.96652253
2019-12-17:12,49254876.45179507
2019-12-17:14,49300282.44648846
2019-12-17:16,49334374.87194707
2019-12-17:18,49358224.38718553
2019-12-17:20,49381562.29673742
2019-12-17:22,49578017.9615049
2019-12-18:00,49753647.49848815
2019-12-18:02,50122956.10682652
2019-12-18:04,50260168.87214361
2019-12-18:06,50473998.58615042
2019-12-18:08,50597488.74440514
2019-12-18:10,50658263.59630503
2019-12-18:12,50725045.64789045
2019-12-18:14,50769352.30657756
2019-12-18:16,50803752.25888366
2019-12-18:18,50827936.26415094
2019-12-18:20,50851456.9250262
2019-12-18:22,51039783.5654056
2019-12-19:00,51270884.61131042
2019-12-19:02,51614517.67536687
2019-12-19:04,51734425.67511793
2019-12-19:06,51896216.59821802
2019-12-19:08,52007013.57304768
2019-12-19:10,52068297.1101284
2019-12-19:12,52128416.85588312
2019-12-19:14,52171939.4091981
2019-12-19:16,52204923.36723008
2019-12-19:18,52228236.47531448
2019-12-19:20,52250909.96654874
2019-12-19:22,52422233.65913581
2019-12-20:00,52626224.65088563
2019-12-20:02,52859668.34935796
2019-12-20:04,53009550.368317604
2019-12-20:06,53215054.13578354
2019-12-20:08,53321863.78200995
2019-12-20:10,53362177.45854298
2019-12-20:12,53407669.19056605
2019-12-20:14,53455068.7879193
2019-12-20:16,53489017.1033674
2019-12-20:18,53514442.14494236
2019-12-20:20,53539196.3971174
2019-12-20:22,53564988.32755394
2019-12-21:00,53721956.65727202
2019-12-21:02,53799379.73867924
2019-12-21:04,53844841.78143344
2019-12-21:06,53902238.17823637
2019-12-21:08,53949266.35662998
2019-12-21:10,53987413.19357966
2019-12-21:12,54016166.77346699
2019-12-21:14,54044470.06477988
2019-12-21:16,54070761.24498166
2019-12-21:18,54095410.75403466
2019-12-21:20,54118600.54656709
2019-12-21:22,54140478.78900693
2019-12-22:00,54168017.29553197
2019-12-22:02,54211390.31618187
2019-12-22:04,54241325.23930817
2019-12-22:06,54287236.12881289
2019-12-22:08,54326982.79452307
2019-12-22:10,54377588.88903301
2019-12-22:12,54419232.61378406
2019-12-22:14,54467115.53295335
2019-12-22:16,54494287.40640722
2019-12-22:18,54518969.29090669
2019-12-22:20,54543067.90803198
2019-12-22:22,54568364.76978006
2019-12-23:00,54632626.22218292
2019-12-23:02,54847253.37004715
2019-12-23:04,54957506.18787998
2019-12-23:06,55126818.20980084
2019-12-23:08,55368311.22801362
2019-12-23:10,55416131.95195229
2019-12-23:12,55460104.35446803
2019-12-23:14,55560275.98347746
2019-12-23:16,55592471.88414571
2019-12-23:18,55613990.34969863
2019-12-23:20,55634755.30748166
2019-12-23:22,55693223.57334142
2019-12-24:00,56042101.61525157
2019-12-24:02,56341002.72460692
2019-12-24:04,56456046.84026468
2019-12-24:06,56643924.00917191
2019-12-24:08,56731183.44838836
2019-12-24:10,56819274.06028564
2019-12-24:12,56878524.07017819
2019-12-24:14,56921402.97756814
2019-12-24:16,56954043.22143606
2019-12-24:18,56977058.74488994
2019-12-24:20,56999350.98763103
2019-12-24:22,57056821.63657425
2019-12-25:00,57268704.881019495
2019-12-25:02,57587986.19874214
2019-12-25:04,57721150.93352425
2019-12-25:06,57943425.874541394
2019-12-25:08,58037977.78029351
2019-12-25:10,58077522.44599056
2019-12-25:12,58138098.12372903
2019-12-25:14,58173262.43227201
2019-12-25:16,58201096.76576259
2019-12-25:18,58224040.993710704
2019-12-25:20,58245274.92311319
2019-12-25:22,58308028.41196711
2019-12-26:00,58616222.64144392
2019-12-26:02,58818424.20695754
2019-12-26:04,58958617.38726416
2019-12-26:06,59141159.24368566
2019-12-26:08,59250373.51935273
2019-12-26:10,59304416.85376049
2019-12-26:12,59404540.39278039
2019-12-26:14,59448595.96794599
2019-12-26:16,59482322.79052673
2019-12-26:18,59506174.07530136
2019-12-26:20,59529443.27680818
2019-12-26:22,59591119.58458426
2019-12-27:00,59908541.37475105
2019-12-27:02,60141746.18646488
2019-12-27:04,60293296.30520176
2019-12-27:06,60472052.89851938
2019-12-27:08,60557482.46247382
2019-12-27:10,60593661.40922431
2019-12-27:12,60629801.57859015
2019-12-27:14,60669873.62836739
2019-12-27:16,60701481.20837264
2019-12-27:18,60724317.06307653
2019-12-27:20,60746257.39247903
2019-12-27:22,60769571.25056782
2019-12-28:00,60925383.0884696
2019-12-28:02,61030472.79694708
2019-12-28:04,61098608.29254454
2019-12-28:06,61137601.70554245
2019-12-28:08,61169946.89352726
2019-12-28:10,61199562.33650419
2019-12-28:12,61234865.40643346
2019-12-28:14,61268030.40693135
2019-12-28:16,61291815.33105347
2019-12-28:18,61313162.19093292
2019-12-28:20,61334695.94916141
2019-12-28:22,61356579.32057294
2019-12-29:00,61380879.90866089
2019-12-29:02,61411812.09450996
2019-12-29:04,61448255.471147805
2019-12-29:06,61472504.90452044
2019-12-29:08,61498653.22237944
2019-12-29:10,61552932.48221961
2019-12-29:12,61582772.0596436
2019-12-29:14,61609294.97553721
2019-12-29:16,61633438.34198114
2019-12-29:18,61655281.81635221
2019-12-29:20,61676704.49934486
2019-12-29:22,61732838.80150738
2019-12-30:00,61896721.76928202
2019-12-30:02,62091989.94656709
2019-12-30:04,62228444.79452306
2019-12-30:06,62416307.24035639
2019-12-30:08,62506982.23761792
2019-12-30:10,62568290.62193397
2019-12-30:12,62603374.696711205
2019-12-30:14,62645619.97910115
2019-12-30:16,62678438.80048479
2019-12-30:18,62700931.96439989
2019-12-30:20,62723188.96212001
2019-12-30:22,62770420.96091191
2019-12-31:00,63099836.73366092
2019-12-31:02,63319462.30649896
2019-12-31:04,63449847.79710431
2019-12-31:06,63617147.32262841
2019-12-31:08,63882725.57278565
2019-12-31:10,63966129.68418501
2019-12-31:12,64040184.235076
2019-12-31:14,64085026.9413391
2019-12-31:16,64259917.01898585
2019-12-31:18,64285696.47426625
2019-12-31:20,64310616.74775942
2019-12-31:22,64336432.66801116
2020-01-01:00,64488438.5965671
2020-01-01:02,64579367.37906184
2020-01-01:04,64637810.53046383
2020-01-01:06,64672503.50931605
2020-01-01:08,64761481.29659329
2020-01-01:10,64792712.11861897
2020-01-01:12,64823340.85892295
2020-01-01:14,64853819.66282757
2020-01-01:16,64881351.87669025
2020-01-01:18,64905813.32569444
2020-01-01:20,64930044.16821279
2020-01-01:22,64989575.86269894
2020-01-02:00,65230343.03828617
2020-01-02:02,65583518.84139151
2020-01-02:04,65730871.75879193
2020-01-02:06,65905045.6038391
2020-01-02:08,66019056.73660902
2020-01-02:10,66089051.56792451
2020-01-02:12,66142902.21159592
2020-01-02:14,66188566.28590146
2020-01-02:16,66222551.28632074
2020-01-02:18,66246465.56125525
2020-01-02:20,66269365.3788391
2020-01-02:22,66326568.02218962
2020-01-03:00,66573084.49682915
2020-01-03:02,66883817.87997904
2020-01-03:04,67013092.68193134
2020-01-03:06,67184077.10497905
2020-01-03:08,67284032.58742139
2020-01-03:10,67333194.83384433
2020-01-03:12,67385798.87767294
2020-01-03:14,67431280.91839623
2020-01-03:16,67466800.1605739
2020-01-03:18,67492538.8965671
2020-01-03:20,67517734.18208857
2020-01-03:22,67543564.85093705
2020-01-04:00,67573814.14527383
2020-01-04:02,67655184.11084905
2020-01-04:04,67703968.53173481
2020-01-04:06,67746923.20602725
2020-01-04:08,67773810.10547695
2020-01-04:10,67802644.99385484
2020-01-04:12,67841022.84882075
2020-01-04:14,67878400.32724056
2020-01-04:16,67905610.50790095
2020-01-04:18,67930589.51517296
2020-01-04:20,67953647.84675053
2020-01-04:22,67977044.3636067
2020-01-05:00,68004969.25733754
2020-01-05:02,68086772.32420073
2020-01-05:04,68141777.97349319
2020-01-05:06,68192715.55003929
2020-01-05:08,68243304.4082547
2020-01-05:10,68286493.07395178
2020-01-05:12,68325345.90613207
2020-01-05:14,68355823.9711871
2020-01-05:16,68383334.7034198
2020-01-05:18,68408045.70788784
2020-01-05:20,68432297.98574424
2020-01-05:22,68479987.71251285
2020-01-06:00,68716767.52429245
2020-01-06:02,69053386.06336477
2020-01-06:04,69208934.870663
2020-01-06:06,69392068.87779087
2020-01-06:08,69566078.6951782
2020-01-06:10,69718231.2148585
2020-01-06:12,69756129.97167191
2020-01-06:14,69801120.56894653
2020-01-06:16,69835436.10161163
2020-01-06:18,69858870.80062895
2020-01-06:20,69881620.89439204
2020-01-06:22,69934655.78072672
2020-01-07:00,70303209.6326389
2020-01-07:02,70601184.85849056
2020-01-07:04,70724281.12471174
2020-01-07:06,70903207.46931341
2020-01-07:08,70990348.63772273
2020-01-07:10,71071802.78580973
2020-01-07:12,71148737.43844339
2020-01-07:14,71201070.62450211
2020-01-07:16,71236850.27513103
2020-01-07:18,71261313.54545337
2020-01-07:20,71284813.52628408
2020-01-07:22,71346778.13235275
2020-01-08:00,71719414.13666143
2020-01-08:02,72053896.60795337
2020-01-08:04,72202886.40718031
2020-01-08:06,72428849.37082024
2020-01-08:08,72574029.65693134
2020-01-08:10,72636314.23384434
2020-01-08:12,72690259.28221962
2020-01-08:14,72735236.48680556
2020-01-08:16,72770195.76915619
2020-01-08:18,72794591.07210432
2020-01-08:20,72818264.67897013
2020-01-08:22,72877913.26282571
2020-01-09:00,73197742.90807128
2020-01-09:02,73449385.89800838
2020-01-09:04,73585834.42205188
2020-01-09:06,73766759.15693134
2020-01-09:08,73904993.3759172
2020-01-09:10,74064718.4964885
2020-01-09:12,74188338.51084906
2020-01-09:14,74242347.2806997
2020-01-09:16,74276867.65112685
2020-01-09:18,74300463.50327568
2020-01-09:20,74323269.96675839
2020-01-09:22,74384963.85988553
2020-01-10:00,74701540.24654087
2020-01-10:02,74946623.3096436
2020-01-10:04,75112258.03715934
2020-01-10:06,75288421.30284329
2020-01-10:08,75413520.36023268
2020-01-10:10,75562356.91311581
2020-01-10:12,75616293.74664569
2020-01-10:14,75672386.08981921
2020-01-10:16,75704953.47120021
2020-01-10:18,75728170.82007338
2020-01-10:20,75750667.26585427
2020-01-10:22,75774029.96378732
2020-01-11:00,75809619.17325734
2020-01-11:02,75876268.78114517
2020-01-11:04,75917161.12012577
2020-01-11:06,75971576.30476941
2020-01-11:08,76028185.50300053
2020-01-11:10,76057563.7840671
2020-01-11:12,76083918.58963576
2020-01-11:14,76109998.73084381
2020-01-11:16,76134024.29952832
2020-01-11:18,76156023.34502096
2020-01-11:20,76177702.35356393
2020-01-11:22,76200102.70306084
2020-01-12:00,76226696.71805553
2020-01-12:02,76287422.5966195
2020-01-12:04,76333024.50480871
2020-01-12:06,76371193.70547692
2020-01-12:08,76407455.58501048
2020-01-12:10,76458325.01269655
2020-01-12:12,76485409.54466718
2020-01-12:14,76512134.69284594
2020-01-12:16,76536639.5532757
2020-01-12:18,76558768.93995021
2020-01-12:20,76580405.89254457
2020-01-12:22,76637295.92905091
2020-01-13:00,76883524.2757182
2020-01-13:02,77196764.17396487
2020-01-13:04,77368139.89964621
2020-01-13:06,77529156.8744366
2020-01-13:08,77769645.59520438
2020-01-13:10,77829406.60729823
2020-01-13:12,77882925.05473006
2020-01-13:14,77927956.03311059
2020-01-13:16,77961774.42057128
2020-01-13:18,77984959.47345391
2020-01-13:20,78007524.83301885
2020-01-13:22,78068326.75715524
2020-01-14:00,78430656.42030922
2020-01-14:02,78714426.28384435
2020-01-14:04,78833134.11620806
2020-01-14:06,78993403.30089098
2020-01-14:08,79080723.76709905
2020-01-14:10,79204551.63460429
2020-01-14:12,79277941.93446018
2020-01-14:14,79322058.31766246
2020-01-14:16,79356199.7875655
2020-01-14:18,79380211.50403564
2020-01-14:20,79403609.12992662
2020-01-14:22,79461126.43271647
2020-01-15:00,79838871.90451212
2020-01-15:02,80115429.63949162
2020-01-15:04,80241035.85792714
2020-01-15:06,80411362.097065
2020-01-15:08,80502374.1407626
2020-01-15:10,80558850.24344866
2020-01-15:12,80612420.71066563
2020-01-15:14,80657461.34179768
2020-01-15:16,80691691.92074159
2020-01-15:18,80716008.42519653
2020-01-15:20,80739679.14614777
2020-01-15:22,80798149.89436004
2020-01-16:00,81169473.09181081
2020-01-16:02,81498659.80075996
2020-01-16:04,81640541.45761268
2020-01-16:06,81798618.33506289
2020-01-16:08,81929898.77667715
2020-01-16:10,81987491.30020964
2020-01-16:12,82040212.79116876
2020-01-16:14,82083968.73713312
2020-01-16:16,82117897.46352203
2020-01-16:18,82141435.29647538
2020-01-16:20,82164026.73042448
2020-01-16:22,82224632.131835
2020-01-17:00,82595215.22641508
2020-01-17:02,82931442.20213577
2020-01-17:04,83087592.2292846
2020-01-17:06,83278958.93170859
2020-01-17:08,83413675.03833856
2020-01-17:10,83658501.28050315
2020-01-17:12,83692887.82792193
2020-01-17:14,83734520.46383649
2020-01-17:16,83767337.73794548
2020-01-17:18,83790549.23697588
2020-01-17:20,83812986.55642031
2020-01-17:22,83836426.9799013
2020-01-18:00,83870309.71836999
2020-01-18:02,83943237.90469077
2020-01-18:04,83985532.85254194
2020-01-18:06,84032096.66688943
2020-01-18:08,84058668.6110718
2020-01-18:10,84085706.96204142
2020-01-18:12,84146338.57140987
2020-01-18:14,84173109.71378407
2020-01-18:16,84197324.23428984
2020-01-18:18,84219215.0398323
2020-01-18:20,84240798.71694182
2020-01-18:22,84263243.06895436
2020-01-19:00,84288471.20756026
2020-01-19:02,84337293.85442872
2020-01-19:04,84387828.52337526
2020-01-19:06,84426721.57718816
2020-01-19:08,84460614.86219865
2020-01-19:10,84506722.63022798
2020-01-19:12,84558251.85140197
2020-01-19:14,84588265.35010484
2020-01-19:16,84613017.340055
2020-01-19:18,84635282.97992663
2020-01-19:20,84656994.357272
2020-01-19:22,84712818.71203186
2020-01-20:00,84920854.09588577
2020-01-20:02,85249869.28857441
2020-01-20:04,85376486.59304245
2020-01-20:06,85569087.73680554
2020-01-20:08,85667386.89812632
2020-01-20:10,85713008.2235325
2020-01-20:12,85758179.85859539
2020-01-20:14,85791399.06941827
2020-01-20:16,85819255.54483752
2020-01-20:18,85842573.31759697
2020-01-20:20,85865212.34616089
2020-01-20:22,85921036.10754427
2020-01-21:00,86299858.78520706
2020-01-21:02,86561687.24930556
2020-01-21:04,86688220.32573377
2020-01-21:06,86876262.45107439
2020-01-21:08,86962518.0990304
2020-01-21:10,87040771.51390198
2020-01-21:12,87104117.74033019
2020-01-21:14,87147212.82303457
2020-01-21:16,87180693.10845126
2020-01-21:18,87204042.41415098
2020-01-21:20,87226662.93046382
2020-01-21:22,87280459.85574616
2020-01-22:00,87652200.84279352
2020-01-22:02,87956511.83244236
2020-01-22:04,88085102.32552412
2020-01-22:06,88280244.48194443
2020-01-22:08,88372594.70087789
2020-01-22:10,88418260.38185275
2020-01-22:12,88470557.94162735
2020-01-22:14,88513922.14043504
2020-01-22:16,88546930.8856263
2020-01-22:18,88570345.39161427
2020-01-22:20,88593039.51700734
2020-01-22:22,88645278.54968384
2020-01-23:00,89092829.07476819
2020-01-23:02,89315855.5504848
2020-01-23:04,89448691.52653304
2020-01-23:06,89632467.67886528
2020-01-23:08,89712292.5428459
2020-01-23:10,89749202.3881289
2020-01-23:12,89781346.07112159
2020-01-23:14,89825907.44650157
2020-01-23:16,89860451.00064206
2020-01-23:18,89883359.16128147
2020-01-23:20,89905576.80693132
2020-01-23:22,89928676.12571606
2020-01-24:00,89954356.11068536
2020-01-24:02,89980891.72239254
2020-01-24:04,90003832.5472615
2020-01-24:06,90025927.0570886
2020-01-24:08,90047251.72852458
2020-01-24:10,90068158.65327568
2020-01-24:12,90089605.21551365
2020-01-24:14,90125952.18802407
2020-01-24:16,90156096.93017556
2020-01-24:18,90174605.75318396
2020-01-24:20,90192089.35353774
2020-01-24:22,90210087.76271012
2020-01-25:00,90229778.76034842
2020-01-25:02,90460358.80158544
2020-01-25:04,90483428.69415615
2020-01-25:06,90503778.89365828
2020-01-25:08,90523992.0732049
2020-01-25:10,90544455.68993714
2020-01-25:12,90565120.3883648
2020-01-25:14,90585429.42807916
2020-01-25:16,90604400.24350108
2020-01-25:18,90621951.54457548
2020-01-25:20,90639126.4667846
2020-01-25:22,90656711.33612056
2020-01-26:00,90675814.7798218
2020-01-26:02,90695997.86654878
2020-01-26:04,90716118.414662
2020-01-26:06,90736035.75890984
2020-01-26:08,90755917.889413
2020-01-26:10,90775772.3874345
2020-01-26:12,90806770.53968814
2020-01-26:14,90841498.88740829
2020-01-26:16,90860765.5688286
2020-01-26:18,90878363.38718551
2020-01-26:20,90895538.25837263
2020-01-26:22,90913091.25425522
2020-01-27:00,90932305.01547432
2020-01-27:02,90977049.50914568
2020-01-27:04,91002067.64236109
2020-01-27:06,91022579.16032496
2020-01-27:08,91042826.27367663
2020-01-27:10,91064033.49002884
2020-01-27:12,91131137.10691825
2020-01-27:14,91197206.50710168
2020-01-27:16,91251665.76084904
2020-01-27:18,91269605.83444706
2020-01-27:20,91286992.45419288
2020-01-27:22,91306436.90824029
2020-01-28:00,91354552.93941298
2020-01-28:02,91376496.0932652
2020-01-28:04,91400469.34506026
2020-01-28:06,91442560.43081762
2020-01-28:08,91490514.01799008
2020-01-28:10,91511479.24973796
2020-01-28:12,91532295.11728632
2020-01-28:14,91552867.76243453
2020-01-28:16,91572282.20256811
2020-01-28:18,91590005.57827571
2020-01-28:20,91607243.92786951
2020-01-28:22,91624861.70472892
2020-01-29:00,91644158.0198416
2020-01-29:02,91669264.74344864
2020-01-29:04,91714158.85408804
2020-01-29:06,91767634.32239255
2020-01-29:08,91871597.9788653
2020-01-29:10,91916804.87832811
2020-01-29:12,91941866.42840672
2020-01-29:14,91962821.50691828
2020-01-29:16,91982263.18233757
2020-01-29:18,91999974.12143606
2020-01-29:20,92017231.0962395
2020-01-29:22,92034858.7278916
2020-01-30:00,92067849.73434952
2020-01-30:02,92137147.06091452
2020-01-30:04,92205023.31763624
2020-01-30:06,92239798.93404087
2020-01-30:08,92274487.57515724
2020-01-30:10,92295344.71263106
2020-01-30:12,92316566.04044811
2020-01-30:14,92337648.9518475
2020-01-30:16,92357333.37306078
2020-01-30:18,92375164.94110323
2020-01-30:20,92392498.55676104
2020-01-30:22,92410216.21611317
2020-01-31:00,92432114.6363732
2020-01-31:02,92611414.92594336
2020-01-31:04,92745703.3462788
2020-01-31:06,92781412.40250264
2020-01-31:08,92816687.58731654
2020-01-31:10,92837886.7375
2020-01-31:12,92911636.60956496
2020-01-31:14,92934667.18536422
2020-01-31:16,92955302.11991614
2020-01-31:18,92973561.33549528
2020-01-31:20,92990998.7379848
2020-01-31:22,93008840.75587936
2020-02-01:00,93028778.4437762
2020-02-01:02,93102154.79403824
2020-02-01:04,93127871.61265723
2020-02-01:06,93174767.41459644
2020-02-01:08,93251514.59516506
2020-02-01:10,93274799.88727726
2020-02-01:12,93321143.42041405
2020-02-01:14,93342718.66314206
2020-02-01:16,93362556.94958071
2020-02-01:18,93380410.90876572
2020-02-01:20,93397709.08803722
2020-02-01:22,93415367.57144868
2020-02-02:00,93452574.4854822
2020-02-02:02,93526577.519641
2020-02-02:04,93614711.32883912
2020-02-02:06,93737696.2409067
2020-02-02:08,93985427.58945233
2020-02-02:10,94037596.58497116
2020-02-02:12,94117904.85953878
2020-02-02:14,94142630.72452831
2020-02-02:16,94164293.60643342
2020-02-02:18,94182857.34998688
2020-02-02:20,94200531.1245938
2020-02-02:22,94269440.24821416
2020-02-03:00,94638308.64969866
2020-02-03:02,95135769.38768344
2020-02-03:04,95305466.4691693
2020-02-03:06,95502611.29972486
2020-02-03:08,95666178.84753671
2020-02-03:10,95753432.77903564
2020-02-03:12,95862307.85217509
2020-02-03:14,95918978.24420862
2020-02-03:16,95953028.2794156
2020-02-03:18,95972966.00495283
2020-02-03:20,95991592.36822589
2020-02-03:22,96012784.31921165
2020-02-04:00,96192123.49707808
2020-02-04:02,96664567.92671646
2020-02-04:04,96887563.18983229
2020-02-04:06,97132589.01174004
2020-02-04:08,97231761.98985852
2020-02-04:10,97293464.87151045
2020-02-04:12,97355036.89009434
2020-02-04:14,97400526.5819182
2020-02-04:16,97435194.15560798
2020-02-04:18,97455412.7365173
2020-02-04:20,97474220.80115302
2020-02-04:22,97542665.0745796
2020-02-05:00,97866048.12096438
2020-02-05:02,98309346.13734278
2020-02-05:04,98527854.32177672
2020-02-05:06,98776526.43740824
2020-02-05:08,98972949.56978512
2020-02-05:10,99023901.21394126
2020-02-05:12,99084807.34156184
2020-02-05:14,99130531.04164045
2020-02-05:16,99165280.32902253
2020-02-05:18,99185612.77175052
2020-02-05:20,99204509.13533808
2020-02-05:22,99274064.93048763
2020-02-06:00,99718626.95179898
2020-02-06:02,100067996.04399893
2020-02-06:04,100309402.53018863
2020-02-06:06,100566789.08970124
2020-02-06:08,100690549.26791143
2020-02-06:10,100759589.698598
2020-02-06:12,100831469.0677542
2020-02-06:14,100911782.12421386
2020-02-06:16,100952192.45740303
2020-02-06:18,100977604.53220652
2020-02-06:20,101001241.74167976
2020-02-06:22,101073826.68829764
2020-02-07:00,101309158.09466718
2020-02-07:02,101632384.35213576
2020-02-07:04,101843522.22547168
2020-02-07:06,102145148.9076389
2020-02-07:08,102241905.977804
2020-02-07:10,102285762.18738209
2020-02-07:12,102322895.77473795
2020-02-07:14,102370657.52878667
2020-02-07:16,102408548.9864518
2020-02-07:18,102432950.69402516
2020-02-07:20,102456196.7856132
2020-02-07:22,102479914.44452552
2020-02-08:00,102507246.55230612
2020-02-08:02,102596837.7679114
2020-02-08:04,102669839.5067741
2020-02-08:06,102753867.55171646
2020-02-08:08,102796377.22289042
2020-02-08:10,102855600.24934489
2020-02-08:12,102895222.68655662
2020-02-08:14,102923190.56027256
2020-02-08:16,102949119.10348536
2020-02-08:18,102972435.04111636
2020-02-08:20,102994859.4558962
2020-02-08:22,103017705.85565393
2020-02-09:00,103042870.33009696
2020-02-09:02,103129710.87649374
2020-02-09:04,103196642.70900156
2020-02-09:06,103299595.85275158
2020-02-09:08,103357388.30849056
2020-02-09:10,103423125.7298742
2020-02-09:12,103453005.23671384
2020-02-09:14,103482776.54591194
2020-02-09:16,103509674.00089096
2020-02-09:18,103533302.08085692
2020-02-09:20,103556100.27519652
2020-02-09:22,103630077.65170226
2020-02-10:00,103869340.1909067
2020-02-10:02,104209614.2624869
2020-02-10:04,104396954.97032236
2020-02-10:06,104648534.66183177
2020-02-10:08,104799050.28647798
2020-02-10:10,105004002.06428196
2020-02-10:12,105150656.667348
2020-02-10:14,105199465.21612948
2020-02-10:16,105237160.25973529
2020-02-10:18,105260502.11647016
2020-02-10:20,105282504.92921628
2020-02-10:22,105364133.50498503
2020-02-11:00,105888917.85145144
2020-02-11:02,106336968.0653171
2020-02-11:04,106518958.89989522
2020-02-11:06,106740569.9131682
2020-02-11:08,106830558.74225628
2020-02-11:10,106910691.96137317
2020-02-11:12,106988762.81054772
2020-02-11:14,107048242.59418245
2020-02-11:16,107076897.42186844
2020-02-11:18,107100576.14360587
2020-02-11:20,107123042.30547692
2020-02-11:22,107157105.0588239
2020-02-12:00,107550277.04124744
2020-02-12:02,107975336.69274108
2020-02-12:04,108189321.981892
2020-02-12:06,108438904.88740832
2020-02-12:08,108666913.070663
2020-02-12:10,108822556.61259171
2020-02-12:12,108890638.48723796
2020-02-12:14,108927359.01078352
2020-02-12:16,108958061.69388103
2020-02-12:18,108983078.88738208
2020-02-12:20,109006717.75957808
2020-02-12:22,109086887.43050268
2020-02-13:00,109637764.92155398
2020-02-13:02,110072228.56022009
2020-02-13:04,110272341.10691825
2020-02-13:06,110481009.60462528
2020-02-13:08,110614370.22900943
2020-02-13:10,110723863.02625784
2020-02-13:12,110818785.7041012
2020-02-13:14,110854706.08823372
2020-02-13:16,110884767.36100627
2020-02-13:18,110909600.06823896
2020-02-13:20,110933027.81115045
2020-02-13:22,111011790.61795714
2020-02-14:00,111453123.2796908
2020-02-14:02,111757775.394261
2020-02-14:04,111959487.87625788
2020-02-14:06,112217925.3308962
2020-02-14:08,112353290.39502092
2020-02-14:10,112394990.2619759
2020-02-14:12,112450495.1413653
2020-02-14:14,112517057.39910898
2020-02-14:16,112545640.0056342
2020-02-14:18,112569473.94232178
2020-02-14:20,112592028.68235068
2020-02-14:22,112615274.90154189
2020-02-15:00,112641790.17132196
2020-02-15:02,112727187.92174605
2020-02-15:04,112805341.23650417
2020-02-15:06,112883406.80070756
2020-02-15:08,112955217.2766456
2020-02-15:10,113017665.79105084
2020-02-15:12,113076533.8008779
2020-02-15:14,113104189.27278563
2020-02-15:16,113129568.1023716
2020-02-15:18,113152250.14520442
2020-02-15:20,113174108.23954402
2020-02-15:22,113196401.11905596
2020-02-16:00,113227228.1601677
2020-02-16:02,113299558.31695496
2020-02-16:04,113401797.95490044
2020-02-16:06,113454542.26142555
2020-02-16:08,113534771.7207416
2020-02-16:10,113634263.45145436
2020-02-16:12,113764056.00773063
2020-02-16:14,113794640.08187892
2020-02-16:16,113821178.83358224
2020-02-16:18,113844062.03468288
2020-02-16:20,113865971.19411685
2020-02-16:22,113890415.79635789
2020-02-17:00,114074209.73977984
2020-02-17:02,114504206.95592023
2020-02-17:04,114713343.8797848
2020-02-17:06,114995009.16920064
2020-02-17:08,115191103.0184527
2020-02-17:10,115296573.962979
2020-02-17:12,115364408.20427305
2020-02-17:14,115402173.3678298
2020-02-17:16,115432693.84536764
2020-02-17:18,115456758.9152144
2020-02-17:20,115479746.11914074
2020-02-17:22,115553618.23102702
2020-02-18:00,116008722.09334104
2020-02-18:02,116301162.12225318
2020-02-18:04,116470333.13763036
2020-02-18:06,116726011.51562044
2020-02-18:08,116854700.68610889
2020-02-18:10,116944592.9567282
2020-02-18:12,117029530.97293209
2020-02-18:14,117067521.64416508
2020-02-18:16,117098285.90887684
2020-02-18:18,117122364.79751304
2020-02-18:20,117145093.07355171
2020-02-18:22,117169816.87545855
2020-02-19:00,117364533.936725
2020-02-19:02,117785982.41213296
2020-02-19:04,117978421.78136931
2020-02-19:06,118246872.90393662
2020-02-19:08,118383849.71670526
2020-02-19:10,118454937.257201
2020-02-19:12,118549373.24352276
2020-02-19:14,118617881.5309888
2020-02-19:16,118648934.80643846
2020-02-19:18,118674187.61433804
2020-02-19:20,118697777.84691986
2020-02-19:22,118814859.84876828
2020-02-20:00,119241562.42451702
2020-02-20:02,119585255.87611976
2020-02-20:04,119811142.95069765
2020-02-20:06,120160534.00527276
2020-02-20:08,120323664.07295029
2020-02-20:10,120395893.75098374
2020-02-20:12,120677066.64763476
2020-02-20:14,120763732.37931536
2020-02-20:16,120796192.5004759
2020-02-20:18,120820906.77091338
2020-02-20:20,120844255.310348
2020-02-20:22,120921844.61587852
2020-02-21:00,121384114.63469858
2020-02-21:02,121781348.34138064
2020-02-21:04,122012425.01143146
2020-02-21:06,122320058.54865524
2020-02-21:08,122440420.759799
2020-02-21:10,122524873.06322044
2020-02-21:12,122577240.86079957
2020-02-21:14,122612543.48753862
2020-02-21:16,122631554.65840924
2020-02-21:18,122253842.1517703
2020-02-21:20,122253842.1517703
2020-02-21:22,122253842.1517703
2020-02-22:00,123323004.9634338
2020-02-22:02,123323004.9634338
2020-02-22:04,123323004.9634338
2020-02-22:06,123323004.9634338
2020-02-22:08,123323004.9634338
2020-02-22:10,123323004.9634338
2020-02-22:12,123323004.9634338
2020-02-22:14,123281526.6781333
2020-02-22:16,123297932.72408009
2020-02-22:18,123321992.45652756
2020-02-22:20,123344849.64647458
2020-02-22:22,123368723.3119532
2020-02-23:00,123416034.73982142
2020-02-23:02,123518573.58751091
2020-02-23:04,123605679.01139034
2020-02-23:06,123731573.93412012
2020-02-23:08,123816577.91101938
2020-02-23:10,123906854.53193136
2020-02-23:12,124034995.97659944
2020-02-23:14,124089062.87498692
2020-02-23:16,124117558.62193401
2020-02-23:18,124141746.62966454
2020-02-23:20,124164927.82962523
2020-02-23:22,124239616.35364734
2020-02-24:00,124500545.61027253
2020-02-24:02,124832705.263522
2020-02-24:04,125049609.74470648
2020-02-24:06,125408823.309054
2020-02-24:08,125580559.9991614
2020-02-24:10,125643159.57594341
2020-02-24:12,125745037.12245809
2020-02-24:14,125835761.09541406
2020-02-24:16,125869812.7886006
2020-02-24:18,125895898.13516776
2020-02-24:20,125920376.61704668
2020-02-24:22,125996882.8099512
2020-02-25:00,126482239.02514222
2020-02-25:02,126807251.36764932
2020-02-25:04,127049741.32258908
2020-02-25:06,127384308.88938679
2020-02-25:08,127506523.01118974
2020-02-25:10,127605468.1275288
2020-02-25:12,127731575.45906708
2020-02-25:14,127789948.70119236
2020-02-25:16,127823778.65589622
2020-02-25:18,127849136.82834116
2020-02-25:20,127872814.91492404
2020-02-25:22,127926311.96574682
2020-02-26:00,128296031.40652516
2020-02-26:02,128949125.23151198
2020-02-26:04,129336731.925
2020-02-26:06,129815914.95230605
2020-02-26:08,129954830.62800056
2020-02-26:10,130006464.42231394
2020-02-26:12,130082485.43831228
2020-02-26:14,130141370.17113468
2020-02-26:16,130187736.7172039
2020-02-26:18,130216287.31878927
2020-02-26:20,130242923.57269388
2020-02-26:22,130274317.03080072
2020-02-27:00,130494688.9696803
2020-02-27:02,131004646.31599844
2020-02-27:04,131265961.70575207
2020-02-27:06,131626523.00394388
2020-02-27:08,131796367.37961216
2020-02-27:10,131880209.49059232
2020-02-27:12,131958604.52714886
2020-02-27:14,132022894.7841326
2020-02-27:16,132091405.64845388
2020-02-27:18,132122089.27629717
2020-02-27:20,132151406.94304249
2020-02-27:22,132223527.26916738
2020-02-28:00,132504628.74102464
2020-02-28:02,132906646.4624083
2020-02-28:04,133155085.7460823
2020-02-28:06,133551135.79452305
2020-02-28:08,133943913.47898321
2020-02-28:10,134012889.49483752
2020-02-28:12,134083201.40390465
2020-02-28:14,134162427.44494236
2020-02-28:16,134206924.28153828
2020-02-28:18,134232930.63553458
2020-02-28:20,134257174.17044026
2020-02-28:22,134284681.76086643
2020-02-29:00,134322938.62852466
2020-02-29:02,134421862.43046382
2020-02-29:04,134538215.57503933
2020-02-29:06,134623826.14388102
2020-02-29:08,134705745.96848792
2020-02-29:10,134755747.6806604
2020-02-29:12,134800960.59278038
2020-02-29:14,134830490.57095125
2020-02-29:16,134859240.5795859
2020-02-29:18,134884708.97755504
2020-02-29:20,134908358.24314722
2020-02-29:22,134933585.48371464
2020-03-01:00,134979337.39953905
2020-03-01:02,135076885.5246376
2020-03-01:04,135122234.25100896
2020-03-01:06,135206822.46606395
2020-03-01:08,135271483.71401992
2020-03-01:10,135372631.69319966
2020-03-01:12,135463015.53933433
2020-03-01:14,135496746.4159198
2020-03-01:16,135526619.84067088
2020-03-01:18,135551678.63045081
2020-03-01:20,135573893.53033277
2020-03-01:22,135646985.57517993
2020-03-02:00,135910783.97973007
2020-03-02:02,136323072.68168238
2020-03-02:04,136559209.91919547
2020-03-02:06,136903004.70614523
2020-03-02:08,137084415.2945362
2020-03-02:10,137243709.57061058
2020-03-02:12,137514051.16749212
2020-03-02:14,137582913.56539568
2020-03-02:16,137627022.46912995
2020-03-02:18,137656095.2565383
2020-03-02:20,137684029.2172825
2020-03-02:22,137763145.41541642
2020-03-03:00,138132015.36542192
2020-03-03:02,138739615.3379979
2020-03-03:04,139055210.0917846
2020-03-03:06,139342076.54249215
2020-03-03:08,139797390.4693396
2020-03-03:10,140030936.15786162
2020-03-03:12,140132667.59373692
2020-03-03:14,140200416.68153828
2020-03-03:16,140263231.53739515
2020-03-03:18,140290934.84202045
2020-03-03:20,140315909.8441693
2020-03-03:22,140360596.65619093
2020-03-04:00,140776390.21623427
2020-03-04:02,141335320.53393602
2020-03-04:04,141629869.73497114
2020-03-04:06,141950729.67627096
2020-03-04:08,142118423.44555822
2020-03-04:10,142232024.88031963
2020-03-04:12,142342135.38449952
2020-03-04:14,142405483.53828618
2020-03-04:16,142451730.65598792
2020-03-04:18,142478052.03018868
2020-03-04:20,142502938.99385482
2020-03-04:22,142616771.02266088
2020-03-05:00,143362506.81950992
2020-03-05:02,144078085.18901992
2020-03-05:04,144425442.39714363
2020-03-05:06,144929769.5678459
2020-03-05:08,145104766.5121724
2020-03-05:10,145234971.29126048
2020-03-05:12,145330269.3429769
2020-03-05:14,145395101.5968816
2020-03-05:16,145441303.97422692
2020-03-05:18,145468043.15953875
2020-03-05:20,145493365.60030138
2020-03-05:22,145599728.95700854
2020-03-06:00,146231364.34252995
2020-03-06:02,146747208.76924792
2020-03-06:04,147043744.4376835
2020-03-06:06,147408741.0999083
2020-03-06:08,147559241.95780918
2020-03-06:10,147749452.6462395
2020-03-06:12,147850201.87693918
2020-03-06:14,147938116.98937368
2020-03-06:16,147982648.57273328
2020-03-06:18,148007869.25505763
2020-03-06:20,148031687.54703876
2020-03-06:22,148057246.18520227
2020-03-07:00,148119254.08283544
2020-03-07:02,148264762.22869495
2020-03-07:04,148361430.86033806
2020-03-07:06,148396617.28320232
2020-03-07:08,148463718.79959384
2020-03-07:10,148493813.78254715
2020-03-07:12,148565399.15484798
2020-03-07:14,148595953.8915881
2020-03-07:16,148622676.79659328
2020-03-07:18,148645906.8662081
2020-03-07:20,148668487.15973532
2020-03-07:22,148692037.9115631
2020-03-08:00,148724115.19491613
2020-03-08:02,148804727.7413915
2020-03-08:04,148861007.619261
2020-03-08:06,148889816.94156188
2020-03-08:08,148918608.1579009
2020-03-08:10,149007458.4812893
2020-03-08:12,149187151.91356134
2020-03-08:14,149266643.30528042
2020-03-08:16,149295656.61695486
2020-03-08:18,149319385.03765717
2020-03-08:20,149342177.0865042
2020-03-08:22,149432100.4353143
2020-03-09:00,149788742.32330978
2020-03-09:02,150379976.28376573
2020-03-09:04,150673648.06736112
2020-03-09:06,151066303.57421386
2020-03-09:08,151248432.37944183
2020-03-09:10,151405657.24830976
2020-03-09:12,151568694.72717512
2020-03-09:14,151682087.65066832
2020-03-09:16,151718428.3847484
2020-03-09:18,151744140.94810006
2020-03-09:20,151767922.02216977
2020-03-09:22,151869569.9901263
2020-03-10:00,152536096.54184276
2020-03-10:02,153124638.05017036
2020-03-10:04,153418376.20162472
2020-03-10:06,153815998.5669549
2020-03-10:08,154048047.84587258
2020-03-10:10,154125528.91077045
2020-03-10:12,154239471.27648062
2020-03-10:14,154312914.48322847
2020-03-10:16,154347705.09106398
2020-03-10:18,154373218.3371593
2020-03-10:20,154397297.52265468
2020-03-10:22,154500697.57582664
2020-03-11:00,155223015.51447853
2020-03-11:02,155945157.96873686
2020-03-11:04,156255859.43299267
2020-03-11:06,156695630.30985326
2020-03-11:08,156874537.64661953
2020-03-11:10,157083374.24098533
2020-03-11:12,157261026.38312364
2020-03-11:14,157425412.4694837
2020-03-11:16,157461623.17973015
2020-03-11:18,157488102.4768868
2020-03-11:20,157513321.1997642
2020-03-11:22,157609430.7495131
2020-03-12:00,157999043.73790613
2020-03-12:02,158502342.07570755
2020-03-12:04,158788663.92388627
2020-03-12:06,159121635.61315513
2020-03-12:08,159504287.72125265
2020-03-12:10,159648034.41209382
2020-03-12:12,159760973.5816038
2020-03-12:14,159908616.44173217
2020-03-12:16,159947339.32283798
2020-03-12:18,159974555.70522797
2020-03-12:20,159999757.07750258
2020-03-12:22,160094393.42233202
2020-03-13:00,160754291.12055817
2020-03-13:02,161322115.88163114
2020-03-13:04,179525418.46137467
2020-03-13:06,179747676.51440558
2020-03-13:08,179948666.1730214
2020-03-13:10,180141527.01412246
2020-03-13:12,180333092.10422948
2020-03-13:14,180524116.43623707
2020-03-13:16,180712390.21782055
2020-03-13:18,180898658.53618792
2020-03-13:20,181084579.3741896
2020-03-13:22,181271361.59062696
2020-03-14:00,181459773.31235677
2020-03-14:02,181648337.07220048
2020-03-14:04,181836870.0760356
2020-03-14:06,182024918.45700517
2020-03-14:08,182212439.76132268
2020-03-14:10,182399598.0131548
2020-03-14:12,182586903.53675592
2020-03-14:14,182774166.92750627
2020-03-14:16,182960309.98615125
2020-03-14:18,183145319.32454765
2020-03-14:20,183330644.62376285
2020-03-14:22,183516387.2682412
2020-03-15:00,183703250.4356545
2020-03-15:02,183891200.2540107
2020-03-15:04,184078792.7981528
2020-03-15:06,184266074.2077481
2020-03-15:08,184453275.95383456
2020-03-15:10,184640710.6297456
2020-03-15:12,184828485.32308358
2020-03-15:14,185015239.30829296
2020-03-15:16,185201812.3486046
2020-03-15:18,185387386.9548666
2020-03-15:20,185572748.63346767
2020-03-15:22,185758954.53091392
2020-03-16:00,185952979.74464658
2020-03-16:02,186181628.44063082
2020-03-16:04,186392708.26880792
2020-03-16:06,186613709.19777456
2020-03-16:08,186815013.2135833
2020-03-16:10,187006057.83072245
2020-03-16:12,187196535.02031773
2020-03-16:14,187388943.6065797
2020-03-16:16,187577565.15399656
2020-03-16:18,187763015.05499545
2020-03-16:20,187948418.73140347
2020-03-16:22,188135135.0375485
2020-03-17:00,188330486.0794405
2020-03-17:02,188558973.7694
2020-03-17:04,188770464.10111517
2020-03-17:06,188987868.43389755
2020-03-17:08,189187672.43305433
2020-03-17:10,189379049.1163338
2020-03-17:12,189570168.67771265
2020-03-17:14,189761724.5546033
2020-03-17:16,189950362.02769268
2020-03-17:18,190136228.54717103
2020-03-17:20,190321717.574354
2020-03-17:22,190508471.5069172
2020-03-18:00,190703181.63814983
2020-03-18:02,190929942.41780365
2020-03-18:04,191142572.86022055
2020-03-18:06,191363283.2233392
2020-03-18:08,191565263.06318307
2020-03-18:10,191758321.55011752
2020-03-18:12,191950362.23914263
2020-03-18:14,192142847.23790467
2020-03-18:16,192332574.58388877
2020-03-18:18,192519783.49383497
2020-03-18:20,192706425.49898577
2020-03-18:22,192894237.52087048
2020-03-19:00,193090323.19835183
2020-03-19:02,193317457.65148512
2020-03-19:04,193530274.29087576
2020-03-19:06,193751552.40811715
2020-03-19:08,193953614.32367748
2020-03-19:10,194146480.86279023
2020-03-19:12,194339217.53544107
2020-03-19:14,194532366.3415568
2020-03-19:16,194722551.20610824
2020-03-19:18,194909832.90911
2020-03-19:20,195096623.45629305
2020-03-19:22,195284894.890362
2020-03-20:00,195481006.23630232
2020-03-20:02,195707307.63702333
2020-03-20:04,195917511.2296596
2020-03-20:06,196135250.0711116
2020-03-20:08,196335898.879084
2020-03-20:10,196527327.42386937
2020-03-20:12,196717391.0806284
2020-03-20:14,196907700.37070617
2020-03-20:16,197095723.4086201
2020-03-20:18,197281809.61252823
2020-03-20:20,197467345.82286924
2020-03-20:22,197653757.15208432
2020-03-21:00,197841615.61463284
2020-03-21:02,178679935.39795375
2020-03-21:04,178747179.47467238
2020-03-21:06,178814364.71251312
2020-03-21:08,178893405.33054242
2020-03-21:10,178938540.89642304
2020-03-21:12,179040297.16854957
2020-03-21:14,179086128.15294814
2020-03-21:16,179112202.91829142
2020-03-21:18,179135443.15272534
2020-03-21:20,179157825.7885351
2020-03-21:22,179181271.39640737
2020-03-22:00,179222950.26844862
2020-03-22:02,179348550.89551893
2020-03-22:04,179433122.38017556
2020-03-22:06,179491104.01086217
2020-03-22:08,179552993.6160377
2020-03-22:10,179699417.57165882
2020-03-22:12,179883297.92506552
2020-03-22:14,179940303.19706497
2020-03-22:16,179967420.45247644
2020-03-22:18,179990709.42074165
2020-03-22:20,180013243.95795333
2020-03-22:22,180103008.6213936
2020-03-23:00,180550026.91336492
2020-03-23:02,181190936.4877096
2020-03-23:04,181528657.40623692
2020-03-23:06,182028206.219772
2020-03-23:08,182281090.66717768
2020-03-23:10,169980156.3215401
2020-03-23:12,165070718.75618452
2020-03-23:14,165192163.71795067
2020-03-23:16,165225184.95318398
2020-03-23:18,165249869.46196285
2020-03-23:20,165273479.00120547
2020-03-23:22,165366737.64514372
2020-03-24:00,165830843.4332683
2020-03-24:02,166476265.06426883
2020-03-24:04,166746998.70048484
2020-03-24:06,167280556.27598268
2020-03-24:08,167812550.28121075
2020-03-24:10,168009196.348205
2020-03-24:12,168271338.41160896
2020-03-24:14,168416978.31133386
2020-03-24:16,168459795.95539835
2020-03-24:18,168484876.29164052
2020-03-24:20,168508713.56166142
2020-03-24:22,168605211.76307157
2020-03-25:00,169151528.36180207
2020-03-25:02,170104391.74013364
2020-03-25:04,170577949.61922172
2020-03-25:06,171006980.16840932
2020-03-25:08,171318230.38054246
2020-03-25:10,171504326.38827306
2020-03-25:12,171771363.92987424
2020-03-25:14,171935575.46905133
2020-03-25:16,171970848.47682124
2020-03-25:18,171997403.5105215
2020-03-25:20,172022473.74855873
2020-03-25:22,172117985.43899444
2020-03-26:00,172674605.478826
2020-03-26:02,173605601.1484146
2020-03-26:04,174023877.76950994
2020-03-26:06,174349518.97612676
2020-03-26:08,174666458.47861642
2020-03-26:10,174976824.3492138
2020-03-26:12,175316810.10175577
2020-03-26:14,175486452.6975498
2020-03-26:16,175542761.02253672
2020-03-26:18,175569209.22334903
2020-03-26:20,175594150.61238205
2020-03-26:22,175692233.66239652
2020-03-27:00,176292928.87835428
2020-03-27:02,177259213.77515724
2020-03-27:04,177532077.20712787
2020-03-27:06,177878803.75631553
2020-03-27:08,178031399.03131542
2020-03-27:10,178167194.1150026
2020-03-27:12,178284667.88240305
2020-03-27:14,178353726.98003143
2020-03-27:16,178386935.98484018
2020-03-27:18,178414311.80078614
2020-03-27:20,178440664.7018868
2020-03-27:22,178469040.3213622
2020-03-28:00,178517598.32165405
2020-03-28:02,178701655.64284587
2020-03-28:04,178798031.2968554
2020-03-28:06,178922385.70989248
2020-03-28:08,178998923.42689994
2020-03-28:10,179064921.52775156
2020-03-28:12,179154708.7484146
2020-03-28:14,179185910.43629453
2020-03-28:16,179214522.67358488
2020-03-28:18,179240175.80535904
2020-03-28:20,179265117.7500262
2020-03-28:22,179291153.4143306
2020-03-29:00,179343520.74728382
2020-03-29:02,179412225.98839095
2020-03-29:04,179474400.18618977
2020-03-29:06,179508980.11298478
2020-03-29:08,179631057.4032626
2020-03-29:10,179728017.23258647
2020-03-29:12,179818371.41855338
2020-03-29:14,179864700.75742918
2020-03-29:16,179893918.91045594
2020-03-29:18,179919558.81512052
2020-03-29:20,179944823.79872906
2020-03-29:22,179973980.41723892
2020-03-30:00,180223633.65412745
2020-03-30:02,180992380.07324418
2020-03-30:04,181380125.89279348
2020-03-30:06,181845699.8349843
2020-03-30:08,182391281.5099712
2020-03-30:10,182653944.21142557
2020-03-30:12,182889427.5604169
2020-03-30:14,183026026.62396485
2020-03-30:16,183058259.3408281
2020-03-30:18,183083321.6506421
2020-03-30:20,183107226.80089095
2020-03-30:22,183200292.92254218
2020-03-31:00,183782155.01747903
2020-03-31:02,184805455.15495285
2020-03-31:04,185203459.0580844
2020-03-31:06,185618745.5228381
2020-03-31:08,186215667.40435013
2020-03-31:10,186390435.7349712
2020-03-31:12,186668373.8978511
2020-03-31:14,186805142.96411163
2020-03-31:16,186839883.77042717
2020-03-31:18,186867543.86943132
2020-03-31:20,186894050.2425445
2020-03-31:22,186994985.63599858
2020-04-01:00,187822058.06324685
2020-04-01:02,188892133.37686056
2020-04-01:04,189261483.61867145
2020-04-01:06,189754943.4218684
2020-04-01:08,190051943.77890468
2020-04-01:10,190411147.37696543
2020-04-01:12,190720678.24562904
2020-04-01:14,190876340.92841232
2020-04-01:16,190909728.37659618
2020-04-01:18,190934154.24575472
2020-04-01:20,190958785.83972743
2020-04-01:22,191052184.7586718
2020-04-02:00,191720571.94443133
2020-04-02:02,192949449.42550057
2020-04-02:04,193292763.16825208
2020-04-02:06,193938344.40136272
2020-04-02:08,194312648.51785892
2020-04-02:10,194482662.5588444
2020-04-02:12,194719176.83275688
2020-04-02:14,194879343.00943404
2020-04-02:16,194923881.22680816
2020-04-02:18,194950058.73211467
2020-04-02:20,194975022.99401203
2020-04-02:22,195065941.6525624
2020-04-03:00,195824635.0147798
2020-04-03:02,196506432.517728
2020-04-03:04,196899380.50636795
2020-04-03:06,197666424.84602892
2020-04-03:08,197959855.79316035
2020-04-03:10,198158015.13998955
2020-04-03:12,198322387.6548218
2020-04-03:14,198397954.2285116
2020-04-03:16,198426697.36770177
2020-04-03:18,198449403.59419551
2020-04-03:20,198471942.64830983
2020-04-03:22,198496612.46603772
2020-04-04:00,198547796.0773454
2020-04-04:02,198702315.9575734
2020-04-04:04,198731684.44735318
2020-04-04:06,198770241.7544942
2020-04-04:08,198886718.1793763
2020-04-04:10,198915266.13165617
2020-04-04:12,198949849.8148979
2020-04-04:14,199072331.07980868
2020-04-04:16,199097640.96804243
2020-04-04:18,199119804.70002624
2020-04-04:20,199141318.66040355
2020-04-04:22,199164169.7528525
2020-04-05:00,199194019.51979825
2020-04-05:02,199279341.82072848
2020-04-05:04,199342407.26916927
2020-04-05:06,199390580.9287867
2020-04-05:08,199444256.2337919
2020-04-05:10,199503454.70030135
2020-04-05:12,199547143.69925323
2020-04-05:14,199573651.1811452
2020-04-05:16,199597803.33364782
2020-04-05:18,199619761.15681335
2020-04-05:20,199641050.87583855
2020-04-05:22,199663696.00355855
2020-04-06:00,199692409.7266192
2020-04-06:02,199799478.0081761
2020-04-06:04,199887236.13345125
2020-04-06:06,200016750.23687103
2020-04-06:08,200118546.14242658
2020-04-06:10,200207523.64453617
2020-04-06:12,200270021.93774897
2020-04-06:14,200331378.95303985
2020-04-06:16,200359022.5797039
2020-04-06:18,200382060.22273323
2020-04-06:20,200404374.56003672
2020-04-06:22,200520351.8213349
2020-04-07:00,201256262.177575
2020-04-07:02,202066959.92013893
2020-04-07:04,202435735.66401988
2020-04-07:06,202902780.59544024
2020-04-07:08,203379451.2117008
2020-04-07:10,203541891.74574164
2020-04-07:12,203745089.24351412
2020-04-07:14,203821795.78068665
2020-04-07:16,203854744.0489256
2020-04-07:18,203879626.2032495
2020-04-07:20,203903511.5586216
2020-04-07:22,204026899.327902
2020-04-08:00,204897312.3780792
2020-04-08:02,206087704.34110323
2020-04-08:04,206597406.58396217
2020-04-08:06,207114920.86362684
2020-04-08:08,207609975.39939728
2020-04-08:10,207776248.53358218
2020-04-08:12,207967848.76129448
2020-04-08:14,208013305.96713823
2020-04-08:16,208048682.9092636
2020-04-08:18,208076374.06401983
2020-04-08:20,208103237.15192607
2020-04-08:22,208218009.2170456
2020-04-09:00,209114289.7282233
2020-04-09:02,210193047.1254324
2020-04-09:04,210538036.48274368
2020-04-09:06,211125658.0801232
2020-04-09:08,211544923.1010613
2020-04-09:10,211755367.9160246
2020-04-09:12,212082094.74432647
2020-04-09:14,212240658.55716723
2020-04-09:16,212277574.42383388
2020-04-09:18,212305873.641706
2020-04-09:20,212332777.8291536
2020-04-09:22,212447406.3903495
2020-04-10:00,213577801.0392165
2020-04-10:02,214658353.8412736
2020-04-10:04,215099157.7657888
2020-04-10:06,215554436.26122907
2020-04-10:08,215790442.82061055
2020-04-10:10,215981023.0939597
2020-04-10:12,216193079.28506297
2020-04-10:14,216331091.04946285
2020-04-10:16,216361352.03769663
2020-04-10:18,216386286.571305
2020-04-10:20,216410270.5779873
2020-04-10:22,216435531.4133003
2020-04-11:00,216464619.0853905
2020-04-11:02,216643423.27386004
2020-04-11:04,216727977.27547163
2020-04-11:06,216797191.01069185
2020-04-11:08,216880052.5790618
2020-04-11:10,216917705.89791667
2020-04-11:12,216947022.62841973
2020-04-11:14,216975500.102804
2020-04-11:16,217001516.84033015
2020-04-11:18,217025077.78676623
2020-04-11:20,217048148.33878407
2020-04-11:22,217072428.56283385
2020-04-12:00,217116483.1413128
2020-04-12:02,217286755.1534984
2020-04-12:04,217391721.07693923
2020-04-12:06,217531109.32416135
2020-04-12:08,217613171.8525157
2020-04-12:10,217738812.45256808
2020-04-12:12,217834628.8678852
2020-04-12:14,217865535.6035115
2020-04-12:16,217892588.0753145
2020-04-12:18,217916432.05559483
2020-04-12:20,217939455.67566824
2020-04-12:22,217989231.71976852
2020-04-13:00,218632182.9115565
2020-04-13:02,219683175.67997912
2020-04-13:04,220057947.6573245
2020-04-13:06,220471756.02724057
2020-04-13:08,220742189.33697575
2020-04-13:10,221058359.73014933
2020-04-13:12,221285733.2907888
2020-04-13:14,221461494.78166923
2020-04-13:16,221494028.9491352
2020-04-13:18,221518402.0154875
2020-04-13:20,221541268.5680294
2020-04-13:22,221653189.00510895
2020-04-14:00,222393441.1466588
2020-04-14:02,223136011.41074428
2020-04-14:04,223503934.7752358
2020-04-14:06,224038376.0488207
2020-04-14:08,229394026.99858877
2020-04-14:10,229675399.63055548
2020-04-14:12,229880627.2522554
2020-04-14:14,230047157.10505855
2020-04-14:16,230086636.74054542
2020-04-14:18,230112707.07925585
2020-04-14:20,230136564.57041287
2020-04-14:22,230255892.95829213
2020-04-15:00,231304835.59850916
2020-04-15:02,232619638.9126273
2020-04-15:04,233090502.51864165
2020-04-15:06,233727506.16616967
2020-04-15:08,233994031.41223243
2020-04-15:10,234261719.46518868
2020-04-15:12,234540273.6350917
2020-04-15:14,234661825.64397293
2020-04-15:16,234698745.082263
2020-04-15:18,234724969.501975
2020-04-15:20,234749357.87405708
2020-04-15:22,234869272.083054
2020-04-16:00,235893380.40945297
2020-04-16:02,237183565.38974258
2020-04-16:04,237686944.0824796
2020-04-16:06,238333529.88282368
2020-04-16:08,238682787.60926345
2020-04-16:10,238963048.144024
2020-04-16:12,239282305.2560399
2020-04-16:14,239370967.64392212
2020-04-16:16,239408558.0042558
2020-04-16:18,239435083.0765929
2020-04-16:20,239459874.10979864
2020-04-16:22,239581446.22813985
2020-04-17:00,240480248.4583558
2020-04-17:02,241881180.3515927
2020-04-17:04,238130660.62799096
2020-04-17:06,238743342.10439187
2020-04-17:08,224907318.2960712
2020-04-17:10,228820000.92030653
2020-04-17:12,228991500.1144517
2020-04-17:14,229080938.56276342
2020-04-17:16,229112336.34794065
2020-04-17:18,229135661.9001437
2020-04-17:20,229157695.14718634
2020-04-17:22,229182794.96004075
2020-04-18:00,229234176.86919296
2020-04-18:02,229412772.05045483
2020-04-18:04,229535187.09661165
2020-04-18:06,229680709.22272497
2020-04-18:08,229717364.4164512
2020-04-18:10,229769498.58113027
2020-04-18:12,229907156.51448756
2020-04-18:14,229947970.65781844
2020-04-18:16,229973268.24239707
2020-04-18:18,229995107.29488757
2020-04-18:20,230015819.6985392
2020-04-18:22,230038281.6673948
2020-04-19:00,230109710.15192768
2020-04-19:02,230262264.75877637
2020-04-19:04,230311445.48565605
2020-04-19:06,230422239.1224138
2020-04-19:08,230501167.27858
2020-04-19:10,230611120.18511745
2020-04-19:12,230755948.68935585
2020-04-19:14,230825156.60665715
2020-04-19:16,230852225.23220792
2020-04-19:18,230873872.59067288
2020-04-19:20,230894483.4155772
2020-04-19:22,230978392.9128185
2020-04-20:00,231736656.74433672
2020-04-20:02,232956048.5636853
2020-04-20:04,233353348.87057
2020-04-20:06,241337435.9429741
2020-04-20:08,238432688.85872042
2020-04-20:10,238665675.15377983
2020-04-20:12,238921732.5061309
2020-04-20:14,239045882.15202382
2020-04-20:16,239091303.4587996
2020-04-20:18,239127920.562252
2020-04-20:20,239162857.9808928
2020-04-20:22,239260525.96817607
2020-04-21:00,239993585.03848213
2020-04-21:02,240669247.1809424
2020-04-21:04,240954281.50519848
2020-04-21:06,241389566.84276783
2020-04-21:08,241832964.7805456
2020-04-21:10,242047361.8662898
2020-04-21:12,242238325.03380957
2020-04-21:14,242328187.6405456
2020-04-21:16,242372271.6746627
2020-04-21:18,242408443.756488
2020-04-21:20,242443550.71986103
2020-04-21:22,242544125.9124913
2020-04-22:00,243353923.14392215
2020-04-22:02,244498151.085129
2020-04-22:04,244943647.26477185
2020-04-22:06,245489321.00064492
2020-04-22:08,245764527.42885908
2020-04-22:10,245916740.1175
2020-04-22:12,246137275.6082441
2020-04-22:14,246252147.67066464
2020-04-22:16,246298294.00774804
2020-04-22:18,246335710.42533723
2020-04-22:20,246371919.29704365
2020-04-22:22,246482128.0390333
2020-04-23:00,247347435.90312648
2020-04-23:02,248526346.63407743
2020-04-23:04,248825109.49417663
2020-04-23:06,249143909.99678567
2020-04-23:08,249408089.49168655
2020-04-23:10,249568297.76295623
2020-04-23:12,249803793.4073513
2020-04-23:14,249969981.43590283
2020-04-23:16,250015525.93298355
2020-04-23:18,250052775.06881943
2020-04-23:20,250088756.51757935
2020-04-23:22,250187019.82289332
2020-04-24:00,250999999.10183248
2020-04-24:02,252190713.88703373
2020-04-24:04,252526051.29656735
2020-04-24:06,253033217.48357132
2020-04-24:08,253681386.21721223
2020-04-24:10,253814342.5168354
2020-04-24:12,254023211.62006944
2020-04-24:14,254112183.6036508
2020-04-24:16,254153911.8151488
2020-04-24:18,254189063.8464484
2020-04-24:20,254223639.63145828
2020-04-24:22,254260225.60901237
2020-04-25:00,254499539.9926457
2020-04-25:02,254667882.29140875
2020-04-25:04,254850694.6556349
2020-04-25:06,254987056.90038693
2020-04-25:08,255067789.50488096
2020-04-25:10,255126777.10101342
2020-04-25:12,255198983.53674245
2020-04-25:14,255235591.0202877
2020-04-25:16,255273014.954008
2020-04-25:18,255307456.0733333
2020-04-25:20,255341419.92201382
2020-04-25:22,255376939.5234665
2020-04-26:00,255435136.94415668
2020-04-26:02,255624878.90769836
2020-04-26:04,255740369.7995535
2020-04-26:06,255857166.9556349
2020-04-26:08,255917937.56439483
2020-04-26:10,256026249.91802585
2020-04-26:12,256160344.35497028
2020-04-26:14,256231853.4965079
2020-04-26:16,256270595.85472217
2020-04-26:18,256305604.63829368
2020-04-26:20,256339564.26656744
2020-04-26:22,256430294.3276193
2020-04-27:00,256976661.04427576
2020-04-27:02,257926602.18500987
2020-04-27:04,258346806.70537704
2020-04-27:06,258975192.88254955
2020-04-27:08,259379252.6790675
2020-04-27:10,259528011.39947417
2020-04-27:12,259834313.03076375
2020-04-27:14,259928224.20438495
2020-04-27:16,259971958.94620028
2020-04-27:18,260008349.4444545
2020-04-27:20,260043694.68921632
2020-04-27:22,260150737.4740172
2020-04-28:00,260972001.65879962
2020-04-28:02,262074031.55081347
2020-04-28:04,262380711.74396816
2020-04-28:06,262848839.6344246
2020-04-28:08,263053904.05288696
2020-04-28:10,263213945.41717255
2020-04-28:12,263476026.98858148
2020-04-28:14,263682385.69581357
2020-04-28:16,263726321.29717267
2020-04-28:18,263762212.93583336
2020-04-28:20,263797032.4983333
2020-04-28:22,263901576.2055814
2020-04-29:00,264664232.49297607
2020-04-29:02,265712138.9566765
2020-04-29:04,266100919.19612107
2020-04-29:06,266650685.16968247
2020-04-29:08,266947473.4545317
2020-04-29:10,267057778.93480164
2020-04-29:12,267326722.1131844
2020-04-29:14,267501046.3695337
2020-04-29:16,267547638.07696632
2020-04-29:18,267586495.81121024
2020-04-29:20,267624200.10641867
2020-04-29:22,267740551.91717717
2020-04-30:00,268489097.44220734
2020-04-30:02,269464709.8517262
2020-04-30:04,269859902.3988591
2020-04-30:06,270379012.52419627
2020-04-30:08,270583160.36917657
2020-04-30:10,270762185.5646131
2020-04-30:12,270899849.64547616
2020-04-30:14,271012912.6476488
2020-04-30:16,271056153.58374006
2020-04-30:18,271093020.03629965
2020-04-30:20,271128622.96397805
2020-04-30:22,271167016.3866093
2020-05-01:00,271388070.8581792
2020-05-01:02,271687600.62744045
2020-05-01:04,271864538.21786714
2020-05-01:06,272039128.08244056
2020-05-01:08,272102308.1291865
2020-05-01:10,272175956.5599604
2020-05-01:12,272263539.30938494
2020-05-01:14,272306000.4366567
2020-05-01:16,272344440.7879861
2020-05-01:18,272379739.3865773
2020-05-01:20,272414402.67690486
2020-05-01:22,272450483.00939083
2020-05-02:00,272508590.14896137
2020-05-02:02,272663810.9162104
2020-05-02:04,272766668.6333928
2020-05-02:06,272822502.16973215
2020-05-02:08,272861365.79156744
2020-05-02:10,272955507.1199206
2020-05-02:12,273215779.78507954
2020-05-02:14,273310996.5614484
2020-05-02:16,273350467.6398711
2020-05-02:18,273385343.82905763
2020-05-02:20,273419632.56337297
2020-05-02:22,273455457.332839
2020-05-03:00,273527274.4666092
2020-05-03:02,273616354.4302481
2020-05-03:04,273712687.35103166
2020-05-03:06,273751147.14901793
2020-05-03:08,273789522.84776783
2020-05-03:10,273827501.1559722
2020-05-03:12,273923288.51297617
2020-05-03:14,274009965.68643856
2020-05-03:16,274048039.77197427
2020-05-03:18,274082822.87962306
2020-05-03:20,274117132.37355155
2020-05-03:22,274152612.6230808
2020-05-04:00,274218196.61581355
2020-05-04:02,274316662.50655764
2020-05-04:04,274463803.36625
2020-05-04:06,274552491.5177579
2020-05-04:08,274665736.15229166
2020-05-04:10,274754440.5289483
2020-05-04:12,274830664.40140873
2020-05-04:14,274915071.3822565
2020-05-04:16,274952913.94286376
2020-05-04:18,274987908.4381249
2020-05-04:20,275022513.36318433
2020-05-04:22,275058411.2289854
2020-05-05:00,275098649.6780731
2020-05-05:02,275258932.7052975
2020-05-05:04,275368952.6068651
2020-05-05:06,275456273.0545734
2020-05-05:08,275535055.12532735
2020-05-05:10,275719079.5734027
2020-05-05:12,275952184.48277384
2020-05-05:14,276043679.2041299
2020-05-05:16,276083027.25759906
2020-05-05:18,276118590.7234326
2020-05-05:20,276153457.3829863
2020-05-05:22,276276103.97049445
2020-05-06:00,277024216.98516864
2020-05-06:02,278008771.59895307
2020-05-06:04,278532127.26526904
2020-05-06:06,279033362.6201885
2020-05-06:08,279282453.97078365
2020-05-06:10,279445752.61882746
2020-05-06:12,279764540.20615256
2020-05-06:14,279945678.15930563
2020-05-06:16,279992242.5354067
2020-05-06:18,280028759.7793354
2020-05-06:20,280063814.8237995
2020-05-06:22,280179075.90404123
2020-05-07:00,281036273.83854175
2020-05-07:02,282002427.03839755
2020-05-07:04,282309780.66959333
2020-05-07:06,282742702.3428405
2020-05-07:08,282925238.24542654
2020-05-07:10,283164814.09055555
2020-05-07:12,283413939.93445426
2020-05-07:14,283538804.56467247
2020-05-07:16,283586017.40114003
2020-05-07:18,283622549.3954167
2020-05-07:20,283657859.9941667
2020-05-07:22,283749241.3641814
2020-05-08:00,284615681.3446527
2020-05-08:02,285775354.71815485
2020-05-08:04,286182266.19917667
2020-05-08:06,286624984.70486087
2020-05-08:08,286849547.1947222
2020-05-08:10,286994840.2544049
2020-05-08:12,287239127.7282342
2020-05-08:14,287386031.051498
2020-05-08:16,287430208.33371043
2020-05-08:18,287466575.97488093
2020-05-08:20,287501630.82731146
2020-05-08:22,287539845.5998632
2020-05-09:00,287823081.2919742
2020-05-09:02,288013261.670377
2020-05-09:04,288284626.6936607
2020-05-09:06,288469994.99136907
2020-05-09:08,288659265.1127777
2020-05-09:10,288783838.9817757
2020-05-09:12,288956015.746002
2020-05-09:14,289001343.2135713
2020-05-09:16,289039415.8752778
2020-05-09:18,289074315.6978373
2020-05-09:20,289108513.56138885
2020-05-09:22,289144232.3748524
2020-05-10:00,289191592.2108578
2020-05-10:02,289318376.5632044
2020-05-10:04,289454191.21941483
2020-05-10:06,289529046.6995436
2020-05-10:08,289583160.42209333
2020-05-10:10,289691764.54562515
2020-05-10:12,289822179.1010516
2020-05-10:14,289901567.7870139
2020-05-10:16,289940629.15287685
2020-05-10:18,289975406.89411706
2020-05-10:20,290009656.12567455
2020-05-10:22,290100377.97371364
2020-05-11:00,290757134.9123515
2020-05-11:02,291879556.8443129
2020-05-11:04,292159446.9574602
2020-05-11:06,292517983.16434515
2020-05-11:08,292777430.42087305
2020-05-11:10,292987109.18658733
2020-05-11:12,293189132.51574403
2020-05-11:14,293331761.70944434
2020-05-11:16,293375357.7269246
2020-05-11:18,293411072.37699413
2020-05-11:20,293445797.86725205
2020-05-11:22,293552414.06005764
